{"cameraMode":{"drawMode":0,"name":"Shaded","section":"Shading Mode"},"sceneLighting":true,"audioPlay":false,"sceneViewState":{"showFog":true,"showMaterialUpdate":false,"showSkybox":true,"showFlares":true,"showImageEffects":true,"showParticleSystems":true},"in2DMode":false,"pivot":{"x":0.4702911376953125,"y":26.2145938873291,"z":3.4297409057617189},"rotation":{"x":-0.06553076952695847,"y":-0.2536816895008087,"z":0.01722940243780613,"w":-0.9649143815040588},"size":22.0,"orthographic":false}