{"cameraMode":{"drawMode":0,"name":"Shaded","section":"Shading Mode"},"sceneLighting":true,"audioPlay":false,"sceneViewState":{"showFog":true,"showMaterialUpdate":false,"showSkybox":true,"showFlares":true,"showImageEffects":true,"showParticleSystems":true},"in2DMode":false,"pivot":{"x":-3.5132827758789064,"y":3.113759994506836,"z":7.441169261932373},"rotation":{"x":-0.04939386993646622,"y":0.6651045083999634,"z":-0.044167615473270419,"w":-0.7438048124313355},"size":10.0,"orthographic":false}